	atherosclerosis	CHD	ASD	ASD_GWAS
atherosclerosis	-0.0	2.8298190086684345	-0.0	3.6331825013314794e-05
CHD	2.8298190086684345	-0.0	320.707688214828	54.37995971319906
ASD	-0.0	320.707688214828	-0.0	76.33877027792902
ASD_GWAS	3.6331825013314794e-05	54.37995971319906	76.33877027792902	-0.0
